{
  "$schema": "./node_modules/nx/schemas/nx-schema.json",
  "npmScope": "nx-monorepo",
  "affected": {
    "defaultBase": "master"
  },
  "cli": {
    "defaultCollection": "@nrwl/react"
  },
  "implicitDependencies": {
    "package.json": {
      "dependencies": "*",
      "devDependencies": "*"
    },
    ".eslintrc.json": "*"
  },
  "tasksRunnerOptions": {
    "default": {
      "runner": "@nrwl/nx-cloud",
      "options": {
        "cacheableOperations": ["build", "lint", "test", "e2e"],
        "accessToken": "ZmJmMzUyYzctMTgxZS00YzE1LWI1NzktYjllMDZkMDZiNTAzfHJlYWQtd3JpdGU="
      }
    }
  },
  "targetDependencies": {
    "build": [
      {
        "target": "build",
        "projects": "dependencies"
      }
    ]
  },
  "generators": {
    "@nrwl/react": {
      "application": {
        "style": "scss",
        "linter": "eslint",
        "babel": true
      },
      "component": {
        "style": "scss"
      },
      "library": {
        "style": "scss",
        "linter": "eslint"
      }
    }
  },
  "defaultProject": "client"
}
